class_one,class_one_idx,class_two,class_two_idx,class_three,class_three_idx,class_four,class_four_idx
Arts & Entertainment,,Art Gallery,34,,,,
Arts & Entertainment,,Concert Hall,25,,,,
Arts & Entertainment,,Country Dance Club,155,,,,
Arts & Entertainment,,Performing Arts Venue,28,Dance Studio,155,,
Arts & Entertainment,,Performing Arts Venue,28,Indie Theater,154,,
Arts & Entertainment,,Performing Arts Venue,28,Opera House,154,,
Arts & Entertainment,,Performing Arts Venue,28,Theater,28,,
Arts & Entertainment,,Public Art,34,Outdoor Sculpture,87,,
Arts & Entertainment,,Public Art,34,Street Art,34,,
Arts & Entertainment,,Art Studio,59,,,,
Arts & Entertainment,,Amphitheater,92,,,,
Arts & Entertainment,,Aquarium,99,,,,
Arts & Entertainment,,Arcade,26,,,,
Arts & Entertainment,,Bowling Alley,110,,,,
Arts & Entertainment,,Casino,101,,,,
Arts & Entertainment,,Circus,144,,,,
Arts & Entertainment,,Comedy Club,154,,,,
Arts & Entertainment,,Exhibit,92,,,,
Arts & Entertainment,,General Entertainment,92,,,,
Arts & Entertainment,,Go Kart Track,127,,,,
Arts & Entertainment,,Karaoke Box,100,,,,
Arts & Entertainment,,Laser Tag,151,,,,
Arts & Entertainment,,Pachinko Parlor,26,,,,
Arts & Entertainment,,Movie Theater,95,Drive-in Theater,95,,
Arts & Entertainment,,Movie Theater,95,Indie Movie Theater,95,,
Arts & Entertainment,,Movie Theater,95,Multiplex,95,,
Arts & Entertainment,,Museum,27,Art Museum,34,,
Arts & Entertainment,,Museum,27,Erotic Museum,216,,
Arts & Entertainment,,Museum,27,History Museum,283,,
Arts & Entertainment,,Museum,27,Planetarium,333,,
Arts & Entertainment,,Museum,27,Science Museum,86,,
Arts & Entertainment,,Music Venue,68,Jazz Club,156,,
Arts & Entertainment,,Music Venue,68,Piano Bar,157,,
Arts & Entertainment,,Music Venue,68,Rock Club,80,,
Arts & Entertainment,,Pool Hall,128,,,,
Arts & Entertainment,,Racecourse,127,,,,
Arts & Entertainment,,Racetrack,127,,,,
Arts & Entertainment,,Roller Rink,153,,,,
Arts & Entertainment,,Salsa Club,155,,,,
Arts & Entertainment,,Samba School,155,,,,
Arts & Entertainment,,Stadium,158,Baseball Stadium,60,,
Arts & Entertainment,,Stadium,158,Basketball Stadium,112,,
Arts & Entertainment,,Stadium,158,Cricket Ground,182,,
Arts & Entertainment,,Stadium,158,Football Stadium,94,,
Arts & Entertainment,,Stadium,158,Hockey Arena,109,,
Arts & Entertainment,,Stadium,158,Rugby Stadium,94,,
Arts & Entertainment,,Stadium,158,Soccer Stadium,61,,
Arts & Entertainment,,Stadium,158,Tennis Stadium,107,,
Arts & Entertainment,,Stadium,158,Track Stadium,158,,
Arts & Entertainment,,Theme Park,92,Theme Park Ride / Attraction,18,,
Arts & Entertainment,,Tour Provider,92,,,,
Arts & Entertainment,,Zoo,115,Zoo Exhibit,115,,
Arts & Entertainment,,Water Park,11,,,,
Arts & Entertainment,,Nightlife Spot,106,Night Market,287,,
Arts & Entertainment,,Nightlife Spot,106,Nightclub,106,,
Arts & Entertainment,,Nightlife Spot,106,Strip Club,106,,
Arts & Entertainment,,Nightlife Spot,106,Other Nightlife,106,,
Arts & Entertainment,,Gaming Cafe,26,,,,
Arts & Entertainment,,Internet Cafe,137,,,,
Food,,Afghan Restaurant,5,,,,
Food,,African Restaurant,5,Ethiopian Restaurant,5,,
Food,,American Restaurant,5,New American Restaurant,5,,
Food,,Asian Restaurant,5,Burmese Restaurant,5,,
Food,,Asian Restaurant,5,Cambodian Restaurant,5,,
Food,,Asian Restaurant,5,Chinese Restaurant,159,Anhui Restaurant,5
Food,,Asian Restaurant,5,Chinese Restaurant,159,Beijing Restaurant,48
Food,,Asian Restaurant,5,Chinese Restaurant,159,Cantonese Restaurant,48
Food,,Asian Restaurant,5,Chinese Restaurant,159,Cha Chaan Teng,5
Food,,Asian Restaurant,5,Chinese Restaurant,159,Chinese Aristocrat Restaurant,136
Food,,Asian Restaurant,5,Chinese Restaurant,159,Chinese Breakfast Place,48
Food,,Asian Restaurant,5,Chinese Restaurant,159,Dim Sum Restaurant,48
Food,,Asian Restaurant,5,Chinese Restaurant,159,Dongbei Restaurant,5
Food,,Asian Restaurant,5,Chinese Restaurant,159,Fujian Restaurant,5
Food,,Asian Restaurant,5,Chinese Restaurant,159,Guizhou Restaurant,5
Food,,Asian Restaurant,5,Chinese Restaurant,159,Hainan Restaurant,5
Food,,Asian Restaurant,5,Chinese Restaurant,159,Hakka Restaurant,5
Food,,Asian Restaurant,5,Chinese Restaurant,159,Henan Restaurant,5
Food,,Asian Restaurant,5,Chinese Restaurant,159,Hong Kong Restaurant,5
Food,,Asian Restaurant,5,Chinese Restaurant,159,Huaiyang Restaurant,5
Food,,Asian Restaurant,5,Chinese Restaurant,159,Hubei Restaurant,5
Food,,Asian Restaurant,5,Chinese Restaurant,159,Hunan Restaurant,5
Food,,Asian Restaurant,5,Chinese Restaurant,159,Imperial Restaurant,5
Food,,Asian Restaurant,5,Chinese Restaurant,159,Jiangsu Restaurant,5
Food,,Asian Restaurant,5,Chinese Restaurant,159,Jiangxi Restaurant,5
Food,,Asian Restaurant,5,Chinese Restaurant,159,Macanese Restaurant,5
Food,,Asian Restaurant,5,Chinese Restaurant,159,Manchu Restaurant,5
Food,,Asian Restaurant,5,Chinese Restaurant,159,Peking Duck Restaurant,170
Food,,Asian Restaurant,5,Chinese Restaurant,159,Shaanxi Restaurant,5
Food,,Asian Restaurant,5,Chinese Restaurant,159,Shandong Restaurant,5
Food,,Asian Restaurant,5,Chinese Restaurant,159,Shanghai Restaurant,48
Food,,Asian Restaurant,5,Chinese Restaurant,159,Shanxi Restaurant,5
Food,,Asian Restaurant,5,Chinese Restaurant,159,Szechuan Restaurant,5
Food,,Asian Restaurant,5,Chinese Restaurant,159,Taiwanese Restaurant,48
Food,,Asian Restaurant,5,Chinese Restaurant,159,Tianjin Restaurant,5
Food,,Asian Restaurant,5,Chinese Restaurant,159,Xinjiang Restaurant,5
Food,,Asian Restaurant,5,Chinese Restaurant,159,Yunnan Restaurant,159
Food,,Asian Restaurant,5,Chinese Restaurant,159,Zhejiang Restaurant,5
Food,,Asian Restaurant,5,Filipino Restaurant,5,,
Food,,Asian Restaurant,5,Himalayan Restaurant,5,,
Food,,Asian Restaurant,5,Hotpot Restaurant,104,,
Food,,Asian Restaurant,5,Indonesian Restaurant,5,Acehnese Restaurant,5
Food,,Asian Restaurant,5,Indonesian Restaurant,5,Balinese Restaurant,5
Food,,Asian Restaurant,5,Indonesian Restaurant,5,Betawinese Restaurant,5
Food,,Asian Restaurant,5,Indonesian Restaurant,5,Indonesian Meatball Place,175
Food,,Asian Restaurant,5,Indonesian Restaurant,5,Javanese Restaurant,5
Food,,Asian Restaurant,5,Indonesian Restaurant,5,Manadonese Restaurant,5
Food,,Asian Restaurant,5,Indonesian Restaurant,5,Padangnese Restaurant,5
Food,,Asian Restaurant,5,Indonesian Restaurant,5,Sundanese Restaurant,5
Food,,Asian Restaurant,5,Japanese Restaurant,10,Donburi Restaurant,159
Food,,Asian Restaurant,5,Japanese Restaurant,10,Japanese Curry Restaurant,335
Food,,Asian Restaurant,5,Japanese Restaurant,10,Kaiseki Restaurant,5
Food,,Asian Restaurant,5,Japanese Restaurant,10,Kushikatsu Restaurant,160
Food,,Asian Restaurant,5,Japanese Restaurant,10,Monjayaki Restaurant,171
Food,,Asian Restaurant,5,Japanese Restaurant,10,Nabe Restaurant,169
Food,,Asian Restaurant,5,Japanese Restaurant,10,Okonomiyaki Restaurant,171
Food,,Asian Restaurant,5,Japanese Restaurant,10,Ramen Restaurant,45
Food,,Asian Restaurant,5,Japanese Restaurant,10,Shabu-Shabu Restaurant,104
Food,,Asian Restaurant,5,Japanese Restaurant,10,Soba Restaurant,45
Food,,Asian Restaurant,5,Japanese Restaurant,10,Sukiyaki Restaurant,104
Food,,Asian Restaurant,5,Japanese Restaurant,10,Sushi Restaurant,10
Food,,Asian Restaurant,5,Japanese Restaurant,10,Takoyaki Place,175
Food,,Asian Restaurant,5,Japanese Restaurant,10,Tempura Restaurant,5
Food,,Asian Restaurant,5,Japanese Restaurant,10,Tonkatsu Restaurant,5
Food,,Asian Restaurant,5,Japanese Restaurant,10,Udon Restaurant,45
Food,,Asian Restaurant,5,Japanese Restaurant,10,Unagi Restaurant,159
Food,,Asian Restaurant,5,Japanese Restaurant,10,Wagashi Place,161
Food,,Asian Restaurant,5,Japanese Restaurant,10,Yakitori Restaurant,160
Food,,Asian Restaurant,5,Japanese Restaurant,10,Yoshoku Restaurant,5
Food,,Asian Restaurant,5,Korean Restaurant,5,Bossam / Jokbal Restaurant,5
Food,,Asian Restaurant,5,Korean Restaurant,5,Bunsik Restaurant,5
Food,,Asian Restaurant,5,Korean Restaurant,5,Gukbap Restaurant,169
Food,,Asian Restaurant,5,Korean Restaurant,5,Janguh Restaurant,5
Food,,Asian Restaurant,5,Korean Restaurant,5,Samgyetang Restaurant,169
Food,,Asian Restaurant,5,Malay Restaurant,5,,
Food,,Asian Restaurant,5,Mongolian Restaurant,5,,
Food,,Asian Restaurant,5,Noodle House,45,,
Food,,Asian Restaurant,5,Satay Restaurant,160,,
Food,,Asian Restaurant,5,Thai Restaurant,5,Som Tum Restaurant,74
Food,,Asian Restaurant,5,Tibetan Restaurant,5,,
Food,,Asian Restaurant,5,Vietnamese Restaurant,5,,
Food,,Australian Restaurant,5,,,,
Food,,Austrian Restaurant,5,,,,
Food,,BBQ Joint,64,,,,
Food,,Bagel Shop,162,,,,
Food,,Bakery,13,,,,
Food,,Belgian Restaurant,5,,,,
Food,,Breakfast Spot,51,,,,
Food,,Buffet,5,,,,
Food,,Burger Joint,40,,,,
Food,,Cafeteria,5,,,,
Food,,Café,19,,,,
Food,,Cajun / Creole Restaurant,5,,,,
Food,,Caribbean Restaurant,5,Cuban Restaurant,5,,
Food,,Caucasian Restaurant,5,,,,
Food,,Comfort Food Restaurant,5,,,,
Food,,Creperie,163,,,,
Food,,Czech Restaurant,5,,,,
Food,,Deli / Bodega,55,,,,
Food,,Dessert Shop,161,Cupcake Shop,53,,
Food,,Dessert Shop,161,Frozen Yogurt Shop,43,,
Food,,Dessert Shop,161,Ice Cream Shop,16,,
Food,,Dessert Shop,161,Pastry Shop,172,,
Food,,Dessert Shop,161,Pie Shop,164,,
Food,,Diner,5,,,,
Food,,Donut Shop,12,,,,
Food,,Dumpling Restaurant,176,,,,
Food,,Dutch Restaurant,5,,,,
Food,,Eastern European Restaurant,5,Belarusian Restaurant,5,,
Food,,Eastern European Restaurant,5,Bosnian Restaurant,5,,
Food,,Eastern European Restaurant,5,Bulgarian Restaurant,5,,
Food,,Eastern European Restaurant,5,Romanian Restaurant,5,,
Food,,Eastern European Restaurant,5,Tatar Restaurant,5,,
Food,,English Restaurant,5,,,,
Food,,Falafel Restaurant,175,,,,
Food,,Fast Food Restaurant,69,,,,
Food,,Fish & Chips Shop,165,,,,
Food,,Fondue Restaurant,334,,,,
Food,,Food Court,5,,,,
Food,,Food Stand,288,,,,
Food,,Food Truck,39,,,,
Food,,French Restaurant,5,Alsatian Restaurant,5,,
Food,,French Restaurant,5,Auvergne Restaurant,5,,
Food,,French Restaurant,5,Basque Restaurant,5,,
Food,,French Restaurant,5,Brasserie,5,,
Food,,French Restaurant,5,Breton Restaurant,5,,
Food,,French Restaurant,5,Burgundian Restaurant,5,,
Food,,French Restaurant,5,Catalan Restaurant,5,,
Food,,French Restaurant,5,Ch'ti Restaurant,5,,
Food,,French Restaurant,5,Corsican Restaurant,5,,
Food,,French Restaurant,5,Estaminet,82,,
Food,,French Restaurant,5,Labour Canteen,5,,
Food,,French Restaurant,5,Lyonese Bouchon,5,,
Food,,French Restaurant,5,Norman Restaurant,5,,
Food,,French Restaurant,5,Provençal Restaurant,5,,
Food,,French Restaurant,5,Savoyard Restaurant,5,,
Food,,French Restaurant,5,Southwestern French Restaurant,5,,
Food,,Fried Chicken Joint,89,,,,
Food,,Friterie,69,,,,
Food,,German Restaurant,5,Apple Wine Pub,14,,
Food,,German Restaurant,5,Bavarian Restaurant,5,,
Food,,German Restaurant,5,Bratwurst Joint,160,,
Food,,German Restaurant,5,Currywurst Joint,160,,
Food,,German Restaurant,5,Franconian Restaurant,5,,
Food,,German Restaurant,5,German Pop-Up Restaurant,5,,
Food,,German Restaurant,5,Palatine Restaurant,5,,
Food,,German Restaurant,5,Rhenisch Restaurant,5,,
Food,,German Restaurant,5,Schnitzel Restaurant,36,,
Food,,German Restaurant,5,Silesian Restaurant,5,,
Food,,German Restaurant,5,Swabian Restaurant,5,,
Food,,Gluten-Free Restaurant,5,,,,
Food,,Greek Restaurant,5,Bougatsa Shop,164,,
Food,,Greek Restaurant,5,Cretan Restaurant,5,,
Food,,Greek Restaurant,5,Fish Taverna,226,,
Food,,Greek Restaurant,5,Grilled Meat Restaurant,270,,
Food,,Greek Restaurant,5,Kafenio,19,,
Food,,Greek Restaurant,5,Magirio,5,,
Food,,Greek Restaurant,5,Meze Restaurant,5,,
Food,,Greek Restaurant,5,Modern Greek Restaurant,5,,
Food,,Greek Restaurant,5,Ouzeri,5,,
Food,,Greek Restaurant,5,Patsa Restaurant,169,,
Food,,Greek Restaurant,5,Souvlaki Shop,160,,
Food,,Greek Restaurant,5,Taverna,5,,
Food,,Greek Restaurant,5,Tsipouro Restaurant,5,,
Food,,Halal Restaurant,5,,,,
Food,,Hawaiian Restaurant,5,,,,
Food,,Hot Dog Joint,17,,,,
Food,,Hungarian Restaurant,5,,,,
Food,,Indian Restaurant,5,Andhra Restaurant,5,,
Food,,Indian Restaurant,5,Awadhi Restaurant,5,,
Food,,Indian Restaurant,5,Bengali Restaurant,5,,
Food,,Indian Restaurant,5,Chaat Place,5,,
Food,,Indian Restaurant,5,Chettinad Restaurant,5,,
Food,,Indian Restaurant,5,Dhaba,5,,
Food,,Indian Restaurant,5,Dosa Place,163,,
Food,,Indian Restaurant,5,Goan Restaurant,5,,
Food,,Indian Restaurant,5,Gujarati Restaurant,5,,
Food,,Indian Restaurant,5,Hyderabadi Restaurant,5,,
Food,,Indian Restaurant,5,Indian Chinese Restaurant,5,,
Food,,Indian Restaurant,5,Indian Sweet Shop,5,,
Food,,Indian Restaurant,5,Irani Cafe,5,,
Food,,Indian Restaurant,5,Jain Restaurant,5,,
Food,,Indian Restaurant,5,Karnataka Restaurant,5,,
Food,,Indian Restaurant,5,Kerala Restaurant,5,,
Food,,Indian Restaurant,5,Maharashtrian Restaurant,5,,
Food,,Indian Restaurant,5,Mughlai Restaurant,5,,
Food,,Indian Restaurant,5,Multicuisine Indian Restaurant,5,,
Food,,Indian Restaurant,5,North Indian Restaurant,5,,
Food,,Indian Restaurant,5,Northeast Indian Restaurant,5,,
Food,,Indian Restaurant,5,Parsi Restaurant,5,,
Food,,Indian Restaurant,5,Punjabi Restaurant,5,,
Food,,Indian Restaurant,5,Rajasthani Restaurant,5,,
Food,,Indian Restaurant,5,South Indian Restaurant,5,,
Food,,Indian Restaurant,5,Udupi Restaurant,5,,
Food,,Italian Restaurant,5,Abruzzo Restaurant,5,,
Food,,Italian Restaurant,5,Agriturismo,149,,
Food,,Italian Restaurant,5,Aosta Restaurant,5,,
Food,,Italian Restaurant,5,Basilicata Restaurant,5,,
Food,,Italian Restaurant,5,Calabria Restaurant,5,,
Food,,Italian Restaurant,5,Campanian Restaurant,5,,
Food,,Italian Restaurant,5,Emilia Restaurant,5,,
Food,,Italian Restaurant,5,Friuli Restaurant,5,,
Food,,Italian Restaurant,5,Ligurian Restaurant,5,,
Food,,Italian Restaurant,5,Lombard Restaurant,5,,
Food,,Italian Restaurant,5,Malga,5,,
Food,,Italian Restaurant,5,Marche Restaurant,5,,
Food,,Italian Restaurant,5,Molise Restaurant,5,,
Food,,Italian Restaurant,5,Piadineria,163,,
Food,,Italian Restaurant,5,Piedmontese Restaurant,5,,
Food,,Italian Restaurant,5,Puglia Restaurant,5,,
Food,,Italian Restaurant,5,Romagna Restaurant,5,,
Food,,Italian Restaurant,5,Roman Restaurant,5,,
Food,,Italian Restaurant,5,Sardinian Restaurant,5,,
Food,,Italian Restaurant,5,Sicilian Restaurant,5,,
Food,,Italian Restaurant,5,South Tyrolean Restaurant,5,,
Food,,Italian Restaurant,5,Trattoria / Osteria,5,,
Food,,Italian Restaurant,5,Trentino Restaurant,5,,
Food,,Italian Restaurant,5,Tuscan Restaurant,5,,
Food,,Italian Restaurant,5,Umbrian Restaurant,5,,
Food,,Italian Restaurant,5,Veneto Restaurant,5,,
Food,,Jewish Restaurant,5,Kosher Restaurant,5,,
Food,,Kebab Restaurant,160,,,,
Food,,Latin American Restaurant,5,Arepa Restaurant,55,,
Food,,Latin American Restaurant,5,Empanada Restaurant,173,,
Food,,Latin American Restaurant,5,Salvadoran Restaurant,5,,
Food,,Latin American Restaurant,5,South American Restaurant,5,Argentinian Restaurant,5
Food,,Latin American Restaurant,5,South American Restaurant,5,Brazilian Restaurant,5
Food,,Latin American Restaurant,5,South American Restaurant,5,Acai House,166
Food,,Latin American Restaurant,5,South American Restaurant,5,Baiano Restaurant,5
Food,,Latin American Restaurant,5,South American Restaurant,5,Central Brazilian Restaurant,5
Food,,Latin American Restaurant,5,South American Restaurant,5,Churrascaria,36
Food,,Latin American Restaurant,5,South American Restaurant,5,Empada House,167
Food,,Latin American Restaurant,5,South American Restaurant,5,Goiano Restaurant,5
Food,,Latin American Restaurant,5,South American Restaurant,5,Mineiro Restaurant,5
Food,,Latin American Restaurant,5,South American Restaurant,5,Northeastern Brazilian Restaurant,5
Food,,Latin American Restaurant,5,South American Restaurant,5,Northern Brazilian Restaurant,5
Food,,Latin American Restaurant,5,South American Restaurant,5,Pastelaria,172
Food,,Latin American Restaurant,5,South American Restaurant,5,Southeastern Brazilian Restaurant,5
Food,,Latin American Restaurant,5,South American Restaurant,5,Southern Brazilian Restaurant,5
Food,,Latin American Restaurant,5,South American Restaurant,5,Tapiocaria,5
Food,,Latin American Restaurant,5,South American Restaurant,5,Colombian Restaurant,5
Food,,Latin American Restaurant,5,South American Restaurant,5,Peruvian Restaurant,5
Food,,Latin American Restaurant,5,South American Restaurant,5,Venezuelan Restaurant,5
Food,,Mac & Cheese Joint,168,,,,
Food,,Mediterranean Restaurant,5,Moroccan Restaurant,5,,
Food,,Mexican Restaurant,83,Botanero,5,,
Food,,Mexican Restaurant,83,Burrito Place,71,,
Food,,Mexican Restaurant,83,Taco Place,83,,
Food,,Mexican Restaurant,83,Tex-Mex Restaurant,5,,
Food,,Mexican Restaurant,83,Yucatecan Restaurant,5,,
Food,,Middle Eastern Restaurant,5,Israeli Restaurant,5,,
Food,,Middle Eastern Restaurant,5,Kurdish Restaurant,5,,
Food,,Middle Eastern Restaurant,5,Lebanese Restaurant,5,,
Food,,Middle Eastern Restaurant,5,Persian Restaurant,5,Ash and Haleem Place,169
Food,,Middle Eastern Restaurant,5,Persian Restaurant,5,Dizi Place,169
Food,,Middle Eastern Restaurant,5,Persian Restaurant,5,Gilaki Restaurant,5
Food,,Middle Eastern Restaurant,5,Persian Restaurant,5,Jegaraki,160
Food,,Middle Eastern Restaurant,5,Persian Restaurant,5,Tabbakhi,5
Food,,Modern European Restaurant,5,,,,
Food,,Molecular Gastronomy Restaurant,5,,,,
Food,,Pakistani Restaurant,5,,,,
Food,,Pet Café,38,,,,
Food,,Pizza Place,57,,,,
Food,,Polish Restaurant,5,,,,
Food,,Portuguese Restaurant,5,,,,
Food,,Poutine Place,69,,,,
Food,,Restaurant,5,,,,
Food,,Russian Restaurant,5,Blini House,163,,
Food,,Russian Restaurant,5,Pelmeni House,176,,
Food,,Salad Place,74,,,,
Food,,Sandwich Place,55,,,,
Food,,Scandinavian Restaurant,5,,,,
Food,,Scottish Restaurant,5,,,,
Food,,Seafood Restaurant ,24,,,,
Food,,Slovak Restaurant,5,,,,
Food,,Snack Place,69,,,,
Food,,Soup Place,169,,,,
Food,,Southern / Soul Food Restaurant,5,,,,
Food,,Spanish Restaurant,5,Paella Restaurant,3,,
Food,,Spanish Restaurant,5,Tapas Restaurant,5,,
Food,,Sri Lankan Restaurant,5,,,,
Food,,Steakhouse,36,,,,
Food,,Swiss Restaurant,5,,,,
Food,,Theme Restaurant,5,,,,
Food,,Truck Stop,5,,,,
Food,,Turkish Restaurant,5,Borek Place,174,,
Food,,Turkish Restaurant,5,Cigkofte Place,175,,
Food,,Turkish Restaurant,5,Doner Restaurant,83,,
Food,,Turkish Restaurant,5,Gozleme Place,174,,
Food,,Turkish Restaurant,5,Kofte Place,175,,
Food,,Turkish Restaurant,5,Kokoreç Restaurant,5,,
Food,,Turkish Restaurant,5,Kumpir Restaurant,5,,
Food,,Turkish Restaurant,5,Kumru Restaurant,55,,
Food,,Turkish Restaurant,5,Manti Place,176,,
Food,,Turkish Restaurant,5,Meyhane,5,,
Food,,Turkish Restaurant,5,Pide Place,57,,
Food,,Turkish Restaurant,5,Pilavcı,5,,
Food,,Turkish Restaurant,5,Söğüş Place,5,,
Food,,Turkish Restaurant,5,Tantuni Restaurant,71,,
Food,,Turkish Restaurant,5,Turkish Coffeehouse,19,,
Food,,Turkish Restaurant,5,Turkish Home Cooking Restaurant,5,,
Food,,Turkish Restaurant,5,Çöp Şiş Place,160,,
Food,,Ukrainian Restaurant,5,Varenyky Restaurant,176,,
Food,,Ukrainian Restaurant,5,West-Ukrainian Restaurant,5,,
Food,,Vegetarian / Vegan Restaurant,78,,,,
Food,,Wings Joint,177,,,,
Drinks,,Bubble Tea Shop,133,,,,
Drinks,,Bistro,5,,,,
Drinks,,Coffee Shop,19,,,,
Drinks,,Gastropub,82,,,,
Drinks,,Irish Pub,82,,,,
Drinks,,Juice Bar,67,,,,
Drinks,,Tea Room,102,,,,
Drinks,,Bar,14,Beach Bar,14,,
Drinks,,Bar,14,Beer Bar,82,,
Drinks,,Bar,14,Beer Garden,82,,
Drinks,,Bar,14,Champagne Bar,82,,
Drinks,,Bar,14,Cocktail Bar,14,,
Drinks,,Bar,14,Dive Bar,14,,
Drinks,,Bar,14,Gay Bar,14,,
Drinks,,Bar,14,Hookah Bar,85,,
Drinks,,Bar,14,Hotel Bar,14,,
Drinks,,Bar,14,Karaoke Bar,100,,
Drinks,,Bar,14,Pub,82,,
Drinks,,Bar,14,Sake Bar,79,,
Drinks,,Bar,14,Speakeasy,82,,
Drinks,,Bar,14,Sports Bar,14,,
Drinks,,Bar,14,Tiki Bar,14,,
Drinks,,Bar,14,Whisky Bar,82,,
Drinks,,Bar,14,Wine Bar,2,,
Drinks,,Brewery,77,,,,
Drinks,,Lounge,14,,,,
Outdoors,,Historic Site,145,,,,
Outdoors,,Memorial Site,298,,,,
Outdoors,,Bay,54,,,,
Outdoors,,Beach,54,Nudist Beach,54,,
Outdoors,,Beach,54,Surf Spot,54,,
Outdoors,,Bike Trail,31,,,,
Outdoors,,Botanical Garden,56,,,,
Outdoors,,Bridge,178,,,,
Outdoors,,Campground,97,,,,
Outdoors,,Canal Lock,179,,,,
Outdoors,,Canal,179,,,,
Outdoors,,Castle,180,,,,
Outdoors,,Cave,181,,,,
Outdoors,,Dog Run,182,,,,
Outdoors,,Farm,149,,,,
Outdoors,,Field,182,,,,
Outdoors,,Forest,96,,,,
Outdoors,,Fountain,76,,,,
Outdoors,,Garden,56,,,,
Outdoors,,Harbor / Marina,105,,,,
Outdoors,,Island,183,,,,
Outdoors,,Lake,84,,,,
Outdoors,,Lighthouse,184,,,,
Outdoors,,Mountain Hut,185,,,,
Outdoors,,Mountain,32,,,,
Outdoors,,National Park,96,,,,
Outdoors,,Nature Preserve,96,,,,
Outdoors,,Other Great Outdoors,32,,,,
Outdoors,,Palace,180,,,,
Outdoors,,Park,30,,,,
Outdoors,,Pedestrian Plaza,186,,,,
Outdoors,,Plaza,186,,,,
Outdoors,,Reservoir,84,,,,
Outdoors,,River,187,,,,
Outdoors,,Rock Climbing Spot,188,,,,
Outdoors,,Scenic Lookout,189,,,,
Outdoors,,Sculpture Garden,87,,,,
Outdoors,,Skydiving Drop Zone,190,,,,
Outdoors,,Stables,115,,,,
Outdoors,,Summer Camp,191,,,,
Outdoors,,Trail,42,,,,
Outdoors,,Tree,96,,,,
Outdoors,,Vineyard,2,,,,
Outdoors,,Volcano,192,,,,
Outdoors,,Waterfall,37,,,,
Outdoors,,Waterfront,193,,,,
Outdoors,,Well,194,,,,
Recreation,,Disc Golf ,195,,,,
Recreation,,Mini Golf,108,,,,
Recreation,,Athletics & Sports,47,Badminton Court,196,,
Recreation,,Athletics & Sports,47,Baseball Field,60,,
Recreation,,Athletics & Sports,47,Basketball Court,112,,
Recreation,,Athletics & Sports,47,Bowling Green,110,,
Recreation,,Athletics & Sports,47,Curling Ice,197,,
Recreation,,Athletics & Sports,47,Golf Course,108,,
Recreation,,Athletics & Sports,47,Golf Driving Range,108,,
Recreation,,Athletics & Sports,47,Gym / Fitness Center,6,Boxing Gym,198
Recreation,,Athletics & Sports,47,Gym / Fitness Center,6,Climbing Gym,188
Recreation,,Athletics & Sports,47,Gym / Fitness Center,6,Cycle Studio,31
Recreation,,Athletics & Sports,47,Gym / Fitness Center,6,Gym Pool,11
Recreation,,Athletics & Sports,47,Gym / Fitness Center,6,Gymnastics Gym,199
Recreation,,Athletics & Sports,47,Gym / Fitness Center,6,Gym,6
Recreation,,Athletics & Sports,47,Gym / Fitness Center,6,Martial Arts Dojo,72
Recreation,,Athletics & Sports,47,Gym / Fitness Center,6,Outdoor Gym,199
Recreation,,Athletics & Sports,47,Gym / Fitness Center,6,Pilates Studio,317
Recreation,,Athletics & Sports,47,Gym / Fitness Center,6,Track,200
Recreation,,Athletics & Sports,47,Gym / Fitness Center,6,Weight Loss Center,6
Recreation,,Athletics & Sports,47,Gym / Fitness Center,6,Yoga Studio,317
Recreation,,Athletics & Sports,47,Hockey Field,109,,
Recreation,,Athletics & Sports,47,Hockey Rink,109,,
Recreation,,Athletics & Sports,47,Paintball Field,201,,
Recreation,,Athletics & Sports,47,Rugby Pitch,94,,
Recreation,,Athletics & Sports,47,Skate Park,8,,
Recreation,,Athletics & Sports,47,Skating Rink,113,,
Recreation,,Athletics & Sports,47,Soccer Field,61,,
Recreation,,Athletics & Sports,47,Sports Club,47,,
Recreation,,Athletics & Sports,47,Squash Court,203,,
Recreation,,Athletics & Sports,47,Tennis Court,107,,
Recreation,,Athletics & Sports,47,Volleyball Court,129,,
Recreation,,Athletics & Sports,47,Dive Spot,202,,
Recreation,,Athletics & Sports,47,Pool,11,,
Recreation,,Bathing Area,242,,,,
Recreation,,Fishing Spot,205,,,,
Recreation,,Gun Range,204,,,,
Recreation,,Hot Spring,206,,,,
Recreation,,Indoor Play Area,259,,,,
Recreation,,Playground,259,,,,
Recreation,,Rafting,208,,,,
Recreation,,Recreation Center,1,,,,
Recreation,,Ski Area,143,Apres Ski Bar,14,,
Recreation,,Ski Area,143,Ski Chairlift,73,,
Recreation,,Ski Area,143,Ski Chalet,185,,
Recreation,,Ski Area,143,Ski Lodge,185,,
Recreation,,Ski Area,143,Ski Trail,42,,
Shopping,,Adult Boutique,216,,,,
Shopping,,Antique Shop,210,,,,
Shopping,,Arts & Crafts Store,59,,,,
Shopping,,Auto Dealership,62,,,,
Shopping,,Automotive Shop,62,,,,
Shopping,,Baby Store,313,,,,
Shopping,,Batik Shop,218,,,,
Shopping,,Betting Shop,33,,,,
Shopping,,Big Box Store,217,,,,
Shopping,,Bike Shop,31,,,,
Shopping,,Board Shop,8,,,,
Shopping,,Bookstore,282,,,,
Shopping,,Bridal Shop,91,,,,
Shopping,,Camera Store,66,,,,
Shopping,,Candy Store,35,,,,
Shopping,,Carpet Store,218,,,,
Shopping,,Chocolate Shop,336,,,,
Shopping,,Clothing Store,75,Accessories Store,211,,
Shopping,,Clothing Store,75,Boutique,75,,
Shopping,,Clothing Store,75,Kids Store,209,,
Shopping,,Clothing Store,75,Lingerie Store,213,,
Shopping,,Clothing Store,75,Men's Store,212,,
Shopping,,Clothing Store,75,Shoe Store,214,,
Shopping,,Clothing Store,75,Women's Store,215,,
Shopping,,Comic Shop,9,,,,
Shopping,,Convenience Store,7,,,,
Shopping,,Cosmetics Shop,46,,,,
Shopping,,Costume Shop,219,,,,
Shopping,,Department Store,4,,,,
Shopping,,Discount Store,220,,,,
Shopping,,Dive Shop,202,,,,
Shopping,,Drugstore,29,,,,
Shopping,,Electronics Store,221,,,,
Shopping,,Fabric Shop,218,,,,
Shopping,,Fireworks Store,222,,,,
Shopping,,Fishing Store,205,,,,
Shopping,,Flea Market,287,,,,
Shopping,,Floating Market,33,,,,
Shopping,,Flower Shop,52,,,,
Shopping,,Food & Drinks Shop,21,Beer Store,82,,
Shopping,,Food & Drinks Shop,21,Butcher,223,,
Shopping,,Food & Drinks Shop,21,Cheese Shop,224,,
Shopping,,Food & Drinks Shop,21,Dairy Store,225,,
Shopping,,Food & Drinks Shop,21,Farmers Market,7,,
Shopping,,Food & Drinks Shop,21,Fish Market,226,,
Shopping,,Food & Drinks Shop,21,Food Service,5,,
Shopping,,Food & Drinks Shop,21,Gourmet Shop,5,,
Shopping,,Food & Drinks Shop,21,Grocery Store,21,,
Shopping,,Food & Drinks Shop,21,Health Food Store,21,,
Shopping,,Food & Drinks Shop,21,Kuruyemişçi,7,,
Shopping,,Food & Drinks Shop,21,Liquor Store,82,,
Shopping,,Food & Drinks Shop,21,Organic Grocery,21,,
Shopping,,Food & Drinks Shop,21,Sausage Shop,263,,
Shopping,,Food & Drinks Shop,21,Street Food Gathering,39,,
Shopping,,Food & Drinks Shop,21,Supermarket,21,,
Shopping,,Food & Drinks Shop,21,Turşucu,7,,
Shopping,,Food & Drinks Shop,21,Wine Shop,2,,
Shopping,,Frame Store,33,,,,
Shopping,,Fruits & Vegetable Store,78,,,,
Shopping,,Furniture / Home Store,257,Lighting Store,227,,
Shopping,,Gift Shop,63,,,,
Shopping,,Gun Shop,204,,,,
Shopping,,Hardware Store,142,,,,
Shopping,,Herbs & Spices Store,7,,,,
Shopping,,Hobby Shop,135,,,,
Shopping,,Hunting Supply,204,,,,
Shopping,,Jewelry Store,15,,,,
Shopping,,Kitchen Supply Store,228,,,,
Shopping,,Knitting Store,229,,,,
Shopping,,Laundromat,140,,,,
Shopping,,Leather Goods Store,4,,,,
Shopping,,Lottery Retailer,125,,,,
Shopping,,Luggage Store,230,,,,
Shopping,,Marijuana Dispensary,85,,,,
Shopping,,Market,33,,,,
Shopping,,Mattress Store,218,,,,
Shopping,,Medical Supply Store,29,,,,
Shopping,,Miscellaneous Shop,33,,,,
Shopping,,Mobile Phone Shop,231,,,,
Shopping,,Mobility Store,33,,,,
Shopping,,Motorcycle Shop,232,,,,
Shopping,,Motorsports Shop,233,,,,
Shopping,,Music Store,68,,,,
Shopping,,Newsstand,234,,,,
Shopping,,Optical Shop,235,,,,
Shopping,,Other Repair Shop,142,,,,
Shopping,,Outdoor Supply Store,191,,,,
Shopping,,Outlet Mall,4,,,,
Shopping,,Outlet Store,4,,,,
Shopping,,Paper / Office Supplies Store,81,,,,
Shopping,,Pawn Shop,33,,,,
Shopping,,Perfume Shop,93,,,,
Shopping,,Pet Store,38,,,,
Shopping,,Pharmacy,29,,,,
Shopping,,Pop-Up Shop,33,,,,
Shopping,,Print Shop,236,,,,
Shopping,,Record Shop,150,,,,
Shopping,,Shipping Store,132,,,,
Shopping,,Shopping Mall,4,,,,
Shopping,,Shopping Plaza,4,,,,
Shopping,,Ski Shop,143,,,,
Shopping,,Smoke Shop,49,,,,
Shopping,,Smoothie Shop,67,,,,
Shopping,,Souvenir Shop,63,,,,
Shopping,,Sporting Goods Shop,47,,,,
Shopping,,Stationery Store,237,,,,
Shopping,,Supplement Shop,29,,,,
Shopping,,Tailor Shop,229,,,,
Shopping,,Thrift / Vintage Store,33,,,,
Shopping,,Toy / Game Store,135,,,,
Shopping,,Used Bookstore,282,,,,
Shopping,,Vape Store,49,,,,
Shopping,,Video Game Store,337,,,,
Shopping,,Video Store,238,,,,
Shopping,,Warehouse Store,217,,,,
Shopping,,Watch Shop,239,,,,
Services,,ATM,122,,,,
Services,,Astrologer,240,,,,
Services,,Auto Garage,314,,,,
Services,,Auto Workshop,118,,,,
Services,,Bank,130,,,,
Services,,Bath House,242,,,,
Services,,Business Services,338,,,,
Services,,Car Wash,119,,,,
Services,,Check Cashing Service,131,,,,
Services,,Child Care Service,207,Daycare,207,,
Services,,Construction & Landscaping,266,,,,
Services,,Credit Union,131,,,,
Services,,Currency Exchange,241,,,,
Services,,Design Studio,59,,,,
Services,,Dry Cleaner,140,,,,
Services,,EV Charging Station,120,,,,
Services,,Entertainment Services,44,,,,
Services,,Event Services,294,,,,
Services,,Film Studio,243,,,,
Services,,Financial / Legal Services,131,,,,
Services,,Garden Center,56,,,,
Services,,Gas Station,121,,,,
Services,,Health & Beauty Services,46,,,,
Services,,Home Services,328,,,,
Services,,IT Services,137,,,,
Services,,Insurance Office,44,,,,
Services,,Laundry Service,140,,,,
Services,,Lawyer,244,,,,
Services,,Locksmith,245,,,,
Services,,Massage Studio,23,,,,
Services,,Nail Salon,246,,,,
Services,,Pet Service,38,,,,
Services,,Photography Lab,66,,,,
Services,,Photography Studio,66,,,,
Services,,Piercing Parlor,248,,,,
Services,,Public Bathroom,247,,,,
Services,,Real Estate Office,250,,,,
Services,,Recording Studio,251,,,,
Services,,Recycling Facility,252,,,,
Services,,Rental Service,44,,,,
Services,,Salon / Barbershop,50,,,,
Services,,Sauna / Steam Room,253,,,,
Services,,Shoe Repair,254,,,,
Services,,Spa,23,,,,
Services,,Storage Facility,148,,,,
Services,,Tanning Salon,255,,,,
Services,,Tattoo Parlor,249,,,,
Services,,Travel Agency,256,,,,
Travel & Transport,,Airport,58,Airport Food Court,5,,
Travel & Transport,,Airport,58,Airport Gate,58,,
Travel & Transport,,Airport,58,Airport Lounge,70,,
Travel & Transport,,Airport,58,Airport Service,58,,
Travel & Transport,,Airport,58,Airport Terminal,58,,
Travel & Transport,,Airport,58,Airport Tram,90,,
Travel & Transport,,Airport,58,Baggage Claim,230,,
Travel & Transport,,Airport,58,Plane,58,,
Travel & Transport,,Baggage Locker,260,,,,
Travel & Transport,,Bike Rental / Bike Share,31,,,,
Travel & Transport,,Boat Rental,261,,,,
Travel & Transport,,Boat or Ferry,261,,,,
Travel & Transport,,Border Crossing,262,,,,
Travel & Transport,,Bus Station,134,Bus Line,134,,
Travel & Transport,,Bus Station,134,Bus Stop,134,,
Travel & Transport,,Cable Car,264,,,,
Travel & Transport,,Cruise,261,,,,
Travel & Transport,,Duty-Free Shop,4,,,,
Travel & Transport,,General Travel,256,,,,
Travel & Transport,,Heliport,265,,,,
Travel & Transport,,Hotel,41,Bed & Breakfast,41,,
Travel & Transport,,Hotel,41,Boarding House,267,,
Travel & Transport,,Hotel,41,Hostel,267,,
Travel & Transport,,Hotel,41,Hotel Pool,11,,
Travel & Transport,,Hotel,41,Motel,41,,
Travel & Transport,,Hotel,41,Resort,268,,
Travel & Transport,,Hotel,41,Roof Deck,269,,
Travel & Transport,,Hotel,41,Vacation Rental,268,,
Travel & Transport,,Intersection,271,,,,
Travel & Transport,,Light Rail Station,90,,,,
Travel & Transport,,Metro Station,90,,,,
Travel & Transport,,Moving Target,146,,,,
Travel & Transport,,Pier,272,,,,
Travel & Transport,,Port,105,,,,
Travel & Transport,,RV Park,273,,,,
Travel & Transport,,Rental Car Location,274,,,,
Travel & Transport,,Rest Area,275,,,,
Travel & Transport,,Road,276,,,,
Travel & Transport,,Taxi Stand,277,,,,
Travel & Transport,,Taxi,277,,,,
Travel & Transport,,Toll Booth,262,,,,
Travel & Transport,,Toll Plaza,262,,,,
Travel & Transport,,Tourist Information Center,278,,,,
Travel & Transport,,Train Station,103,Platform,103,,
Travel & Transport,,Train Station,103,Train,103,,
Travel & Transport,,Tram Station,90,,,,
Travel & Transport,,Transportation Service,279,,,,
Travel & Transport,,Travel Lounge,70,,,,
Travel & Transport,,Tunnel,280,,,,
Professional & Other Places,,College & University,22,College Academic Building,281,College Arts Building,281
Professional & Other Places,,College & University,22,College Academic Building,281,College Communications Building,281
Professional & Other Places,,College & University,22,College Academic Building,281,College Engineering Building,281
Professional & Other Places,,College & University,22,College Academic Building,281,College History Building,281
Professional & Other Places,,College & University,22,College Academic Building,281,College Math Building,281
Professional & Other Places,,College & University,22,College Academic Building,281,College Science Building,281
Professional & Other Places,,College & University,22,College Academic Building,281,College Technology Building,281
Professional & Other Places,,College & University,22,College Administrative Building,281,,
Professional & Other Places,,College & University,22,College Auditorium,285,,
Professional & Other Places,,College & University,22,College Bookstore,282,,
Professional & Other Places,,College & University,22,College Cafeteria,5,,
Professional & Other Places,,College & University,22,College Classroom,281,,
Professional & Other Places,,College & University,22,College Gym,6,,
Professional & Other Places,,College & University,22,College Lab,86,,
Professional & Other Places,,College & University,22,College Library,9,,
Professional & Other Places,,College & University,22,College Quad,182,,
Professional & Other Places,,College & University,22,College Rec Center,1,,
Professional & Other Places,,College & University,22,College Residence Hall,267,,
Professional & Other Places,,College & University,22,College Stadium,158,College Baseball Diamond,60
Professional & Other Places,,College & University,22,College Stadium,158,College Basketball Court,112
Professional & Other Places,,College & University,22,College Stadium,158,College Cricket Pitch,182
Professional & Other Places,,College & University,22,College Stadium,158,College Football Field,94
Professional & Other Places,,College & University,22,College Stadium,158,College Hockey Rink,109
Professional & Other Places,,College & University,22,College Stadium,158,College Soccer Field,61
Professional & Other Places,,College & University,22,College Stadium,158,College Tennis Court,107
Professional & Other Places,,College & University,22,College Stadium,158,College Track,200
Professional & Other Places,,College & University,22,College Theater,154,,
Professional & Other Places,,College & University,22,Community College,22,,
Professional & Other Places,,College & University,22,Fraternity House,284,,
Professional & Other Places,,College & University,22,General College & University,281,,
Professional & Other Places,,College & University,22,Law School,281,,
Professional & Other Places,,College & University,22,Medical School,281,,
Professional & Other Places,,College & University,22,Sorority House,284,,
Professional & Other Places,,College & University,22,Student Center,281,,
Professional & Other Places,,College & University,22,Trade School,281,,
Professional & Other Places,,College & University,22,University,22,,
Professional & Other Places,,Animal Shelter,309,,,,
Professional & Other Places,,Auditorium,285,,,,
Professional & Other Places,,Ballroom,155,,,,
Professional & Other Places,,Building,339,,,,
Professional & Other Places,,Business Center,286,,,,
Professional & Other Places,,Club House,1,,,,
Professional & Other Places,,Community Center,1,,,,
Professional & Other Places,,Convention Center,289,Meeting Room,290,,
Professional & Other Places,,Cultural Center,291,,,,
Professional & Other Places,,Distillery,292,,,,
Professional & Other Places,,Distribution Center,299,,,,
Professional & Other Places,,Event Space,293,Outdoor Event Space,294,,
Professional & Other Places,,Factory,295,,,,
Professional & Other Places,,Fair,296,,,,
Professional & Other Places,,Cemetery,141,,,,
Professional & Other Places,,Funeral Home,141,,,,
Professional & Other Places,,Government Building,147,Capitol Building,147,,
Professional & Other Places,,Government Building,147,City Hall,147,,
Professional & Other Places,,Government Building,147,Courthouse,297,,
Professional & Other Places,,Government Building,147,Embassy / Consulate,147,,
Professional & Other Places,,Government Building,147,Fire Station,114,,
Professional & Other Places,,Government Building,147,Monument / Landmark,298,,
Professional & Other Places,,Government Building,147,Police Station,116,,
Professional & Other Places,,Government Building,147,Town Hall,147,,
Professional & Other Places,,Industrial Estate,295,,,,
Professional & Other Places,,Laboratory,300,,,,
Professional & Other Places,,Library,9,,,,
Professional & Other Places,,Medical Center,117,Acupuncturist,301,,
Professional & Other Places,,Medical Center,117,Alternative Healer,304,,
Professional & Other Places,,Medical Center,117,Chiropractor,302,,
Professional & Other Places,,Medical Center,117,Dentist's Office,126,,
Professional & Other Places,,Medical Center,117,Doctor's Office,303,,
Professional & Other Places,,Medical Center,117,Emergency Room,326,,
Professional & Other Places,,Medical Center,117,Eye Doctor,305,,
Professional & Other Places,,Medical Center,117,Hospital,117,Hospital Ward,117
Professional & Other Places,,Medical Center,117,Maternity Clinic,303,,
Professional & Other Places,,Medical Center,117,Medical Lab,300,,
Professional & Other Places,,Medical Center,117,Mental Health Office,306,,
Professional & Other Places,,Medical Center,117,Nutritionist,307,,
Professional & Other Places,,Medical Center,117,Physical Therapist,303,,
Professional & Other Places,,Medical Center,117,Rehab Center,117,,
Professional & Other Places,,Medical Center,117,Urgent Care Center,117,,
Professional & Other Places,,Medical Center,117,Veterinarian,308,,
Professional & Other Places,,Military Base,310,,,,
Professional & Other Places,,Non-Profit,286,,,,
Professional & Other Places,,Observatory,152,,,,
Professional & Other Places,,Office,286,Advertising Agency,44,,
Professional & Other Places,,Office,286,Campaign Office,44,,
Professional & Other Places,,Office,286,Conference Room,290,,
Professional & Other Places,,Office,286,Corporate Amenity,286,,
Professional & Other Places,,Office,286,Corporate Cafeteria,5,,
Professional & Other Places,,Office,286,Corporate Coffee Shop,19,,
Professional & Other Places,,Office,286,Coworking Space,286,,
Professional & Other Places,,Office,286,Tech Startup,286,,
Professional & Other Places,,Parking,123,,,,
Professional & Other Places,,Post Office,132,,,,
Professional & Other Places,,Power Plant,295,,,,
Professional & Other Places,,Prison,311,,,,
Professional & Other Places,,Radio Station,312,,,,
Professional & Other Places,,Recruiting Agency,44,,,,
Professional & Other Places,,Research Station,286,,,,
Professional & Other Places,,School,281,Adult Education Center,281,,
Professional & Other Places,,School,281,Circus School,281,,
Professional & Other Places,,School,281,Cooking School,281,,
Professional & Other Places,,School,281,Driving School,315,,
Professional & Other Places,,School,281,Elementary School,281,,
Professional & Other Places,,School,281,Flight School,281,,
Professional & Other Places,,School,281,High School,281,,
Professional & Other Places,,School,281,Language School,281,,
Professional & Other Places,,School,281,Middle School,281,,
Professional & Other Places,,School,281,Music School,68,,
Professional & Other Places,,School,281,Nursery School,258,,
Professional & Other Places,,School,281,Preschool,258,,
Professional & Other Places,,School,281,Private School,281,,
Professional & Other Places,,School,281,Religious School,281,,
Professional & Other Places,,School,281,Swim School,11,,
Professional & Other Places,,Social Club,316,,,,
Professional & Other Places,,Spiritual Center,88,Buddhist Temple,136,,
Professional & Other Places,,Spiritual Center,88,Cemevi,88,,
Professional & Other Places,,Spiritual Center,88,Church,98,,
Professional & Other Places,,Spiritual Center,88,Confucian Temple,136,,
Professional & Other Places,,Spiritual Center,88,Hindu Temple,318,,
Professional & Other Places,,Spiritual Center,88,Kingdom Hall,88,,
Professional & Other Places,,Spiritual Center,88,Monastery,98,,
Professional & Other Places,,Spiritual Center,88,Mosque,319,,
Professional & Other Places,,Spiritual Center,88,Prayer Room,88,,
Professional & Other Places,,Spiritual Center,88,Shrine,320,,
Professional & Other Places,,Spiritual Center,88,Synagogue,321,,
Professional & Other Places,,Spiritual Center,88,Temple,88,,
Professional & Other Places,,Spiritual Center,88,Terreiro,88,,
Professional & Other Places,,TV Station,322,,,,
Professional & Other Places,,Voting Booth,323,,,,
Professional & Other Places,,Warehouse,148,,,,
Professional & Other Places,,Waste Facility,324,,,,
Professional & Other Places,,Wedding Hall,91,,,,
Professional & Other Places,,Winery,2,,,,
Professional & Other Places,,Residence,325,Assisted Living,329,,
Professional & Other Places,,Residence,325,Home (Private),65,,
Professional & Other Places,,Residence,325,Housing Development,327,,
Professional & Other Places,,Residence,325,Residential Building (Apartment / Condo),325,,
Professional & Other Places,,Residence,325,Trailer Park,273,,
Professional & Other Places,,Event,293,Christmas Market,287,,
Professional & Other Places,,Event,293,Conference,290,,
Professional & Other Places,,Event,293,Convention,289,,
Professional & Other Places,,Event,293,Festival,296,,
Professional & Other Places,,Event,293,Line / Queue,293,,
Professional & Other Places,,Event,293,Music Festival,330,,
Professional & Other Places,,Event,293,Other Event,294,,
Professional & Other Places,,Event,293,Parade,296,,
Professional & Other Places,,Event,293,Stoop Sale,287,,
Professional & Other Places,,Event,293,Street Fair,287,,
Professional & Other Places,,States & Municipalities,331,City,331,,
Professional & Other Places,,States & Municipalities,331,County,331,,
Professional & Other Places,,States & Municipalities,331,Country,331,,
Professional & Other Places,,States & Municipalities,331,Neighborhood,331,,
Professional & Other Places,,States & Municipalities,331,State,331,,
Professional & Other Places,,States & Municipalities,331,Town,331,,
Professional & Other Places,,States & Municipalities,331,Village,331,,
